date,site,depth,salinity,temp,pH,do_mgl,do_sat
25-May,Polly's Point 2,0,0.67,13.01,,9.04,0.888479781
25-May,Polly's Point 2,1,0.67,12.97,,9.48,0.930923061
25-May,Polly's Point 2,2,0.75,12.94,,9.82,0.964119976
25-May,Polly's Point 2,3,4.47,12.93,,9.62,0.964379273
25-May,Polly's Point 2,4,23.04,11,,8.69,0.934196413
25-May,Polly's Point 2,5,29.39,10.01,,8.41,0.921440182
25-May,Polly's Point 2,6,29.43,9.94,,7.93,0.867682845
25-May,Polly's Point 2,7,29.76,9.86,,7.74,0.847199952
25-May,Polly's Point 2,8,29.96,9.74,,7.53,0.823034029
25-May,Polly's Point 2,9,30.55,9.67,,7.06,0.773470374
25-May,Polly's Point 2,10,30.66,9.66,,6.73,0.737691587
25-May,Polly's Point 2,12,30.93,9.62,,5.56,0.609988665
25-May,Polly's Point 2,15,31.3,9.52,,4.87,0.534382676
25-May,Polly's Point 2,20,31.73,9.51,,3.63,0.399386312
25-May,Polly's Point 2,25,31.83,9.5,,3.14,0.345628637
12-Jan,5km Center,0,2.22,4.47,,12.83,103.80%
12-Jan,5km Center,1,4.13,4.79,,12.68,104.60%
12-Jan,5km Center,2,6.61,5.56,,12.2,104.20%
12-Jan,5km Center,3,11.15,6.21,,11.42,101.80%
12-Jan,5km Center,4,16.07,7.07,,10.49,98.40%
12-Jan,5km Center,5,18.81,7.65,,9.07,87.80%
12-Jan,5km Center,6,27.54,9.14,,8.11,86.00%
12-Jan,5km Center,7,28.15,9.11,,7.68,81.70%
12-Jan,5km Center,8,28.49,9.3,,7.66,82.10%
12-Jan,5km Center,9,28.59,9.34,,7.53,80.80%
12-Jan,5km Center,10,29.89,10.27,,6.66,73.70%
12-Jan,5km Center,12,30.16,10.46,,6.21,69.10%
12-Jan,5km Center,15,30.54,10.74,,5.42,60.80%
12-Jan,Polly's Point 2,0,1.36,4.25,,13.24,106.00%
12-Jan,Polly's Point 2,1,1.7,4.32,,13.19,106.00%
12-Jan,Polly's Point 2,2,6.73,5.33,,12.34,104.80%
12-Jan,Polly's Point 2,3,10.03,6.02,,11.35,100.00%
12-Jan,Polly's Point 2,4,12.67,6.42,,10.73,97.00%
12-Jan,Polly's Point 2,5,23.94,8.43,,8.45,86.10%
12-Jan,Polly's Point 2,6,26.98,9.21,,6.4,67.70%
12-Jan,Polly's Point 2,7,27.89,9.28,,6.92,73.80%
12-Jan,Polly's Point 2,8,28.79,9.53,,6.96,75.10%
12-Jan,Polly's Point 2,9,29.14,9.7,,7.01,76.10%
12-Jan,Polly's Point 2,10,29.9,10.43,,5.76,63.90%
12-Jan,Polly's Point 2,12,30.44,10.44,,5.56,62.00%
12-Jan,River/Outfall,River:,0.02,3.87,,12.49,98.30%
12-Jan,River/Outfall,0,2.01,4.54,,12.3,99.60%
12-Jan,River/Outfall,1,4.34,4.84,,12.14,100.40%
12-Jan,River/Outfall,2,6.54,5.29,,12,101.70%
12-Jan,River/Outfall,3,9.06,5.88,,10.85,94.70%
12-Jan,River/Outfall,4,14.03,6.73,,9.25,85.00%
12-Jan,River/Outfall,5,22.18,8.51,,9.66,97.50%
12-Jan,River/Outfall,6,27.54,9.29,,7.94,84.50%
12-Jan,River/Outfall,7,28.13,9.51,,7.47,80.20%
12-Jan,River/Outfall,8,28.62,9.67,,7.12,77.00%
12-Jan,River/Outfall,9,28.98,10.02,,6.81,74.40%
12-Jan,Hohm Island 2,0,2.75,4.72,,12.52,102.30%
12-Jan,Hohm Island 2,1,2.74,4.87,,12.66,103.90%
12-Jan,Hohm Island 2,2,8.42,5.7,,11.98,103.70%
12-Jan,Hohm Island 2,3,11.92,6.42,,11.32,101.90%
12-Jan,Hohm Island 2,4,14.37,7.07,,10.45,97.00%
12-Jan,Hohm Island 2,5,21.72,8.48,,8.86,89.10%
12-Jan,Hohm Island 2,6,25.99,8.76,,7.86,81.80%
12-Jan,Hohm Island 2,7,27.76,9.45,,7.42,79.40%
12-Jan,Hohm Island 2,8,28.68,9.76,,6.95,75.40%
12-Jan,Hohm Island 2,9,28.84,9.87,,6.73,73.20%
12-Jan,Hohm Island 2,10,29.18,9.98,,6.52,71.30%
12-Jan,Hohm Island 2,12,29.84,10.43,,6.26,69.50%
19-Jan,5km Center,0,2.86,5.4,,12.04,100.20%
19-Jan,5km Center,1,3.51,5.59,,12.1,101.60%
19-Jan,5km Center,2,14.27,7.06,,11.28,104.70%
19-Jan,5km Center,3,19.2,7.65,,10.23,99.30%
19-Jan,5km Center,4,26.06,8.42,,9.13,94.30%
19-Jan,5km Center,5,27.76,8.7,,8.67,91.10%
19-Jan,5km Center,6,28.03,8.75,,8.52,89.80%
19-Jan,5km Center,7,28.11,8.78,,8.4,88.70%
19-Jan,5km Center,8,28.28,8.93,,8.31,88.10%
19-Jan,5km Center,9,28.49,9.2,,8.12,86.80%
19-Jan,5km Center,10,28.72,9.21,,7.85,84.10%
19-Jan,5km Center,12,29.64,9.18,,7.65,82.40%
19-Jan,5km Center,15,29.16,9.39,,7.57,81.60%
19-Jan,5km Center,20,32.37,9.79,,7.31,81.30%
19-Jan,5km Center,25,30.47,10.56,,6.82,76.20%
19-Jan,5km Center,30,30.79,10.73,,5.32,59.80%
19-Jan,5km Center,35,31.97,10.6,,4.29,48.50%
19-Jan,5km Center,40,31.17,10.56,,3.81,42.80%
19-Jan,5km Center,45,31.27,10.47,,3.57,40.00%
19-Jan,5km Center,50,31.37,10.44,,3.43,38.50%
19-Jan,Polly's Point 2,0,2.78,5.48,,11.22,93.50%
19-Jan,Polly's Point 2,1,3.75,5.59,,11.76,98.80%
19-Jan,Polly's Point 2,2,8.22,6.17,,11.73,102.70%
19-Jan,Polly's Point 2,3,23.2,8.13,,9.51,95.70%
19-Jan,Polly's Point 2,4,26.75,8.71,,8.79,91.80%
19-Jan,Polly's Point 2,5,27.56,8.79,,8.39,88.30%
19-Jan,Polly's Point 2,6,27.73,8.92,,8.27,87.40%
19-Jan,Polly's Point 2,7,28.16,8.94,,8.11,86.00%
19-Jan,Polly's Point 2,8,28.37,9.16,,7.99,85.30%
19-Jan,Polly's Point 2,9,28.6,9.2,,7.7,82.40%
19-Jan,Polly's Point 2,10,28.79,9.32,,7.56,81.20%
19-Jan,Polly's Point 2,12,29.32,9.59,,7.36,79.80%
19-Jan,Polly's Point 2,15,30.08,9.92,,7.01,77.00%
19-Jan,River/Outfall,River:,0.02,4.81,,12.65,102.00%
19-Jan,River/Outfall,0,2.25,6.16,,12.17,102.90%
19-Jan,River/Outfall,1,2.93,5.8,,12.33,103.70%
19-Jan,River/Outfall,2,6.5,6.04,,12.09,104.40%
19-Jan,River/Outfall,3,19.33,7.69,,10.67,103.70%
19-Jan,River/Outfall,4,27.1,8.92,,9.29,97.70%
19-Jan,River/Outfall,5,27.6,9.07,,8.79,93.10%
19-Jan,River/Outfall,6,27.96,9.19,,8.29,88.30%
19-Jan,River/Outfall,7,28.23,9.19,,7.9,84.30%
19-Jan,River/Outfall,8,28.5,9.28,,7.65,81.90%
19-Jan,River/Outfall,9,28.6,9.32,,7.46,80.00%
19-Jan,River/Outfall,10,28.71,9.38,,7.3,78.50%
19-Jan,Hohm Island 2,0,2.44,5.39,,12.22,101.40%
19-Jan,Hohm Island 2,1,3.79,5.55,,12.2,102.50%
19-Jan,Hohm Island 2,2,9.84,6.42,,11.61,103.20%
19-Jan,Hohm Island 2,3,22.38,8.16,,10.31,103.30%
19-Jan,Hohm Island 2,4,26.18,8.9,,9.15,95.60%
19-Jan,Hohm Island 2,5,27.78,9.16,,8.76,93.10%
19-Jan,Hohm Island 2,6,28.24,9.21,,8.32,88.80%
19-Jan,Hohm Island 2,7,28.48,9.19,,8.06,86.10%
19-Jan,Hohm Island 2,8,28.64,9.27,,7.83,83.90%
19-Jan,Hohm Island 2,9,28.83,9.38,,7.65,82.30%
19-Jan,Hohm Island 2,10,28.89,9.43,,7.45,80.30%
19-Jan,Hohm Island 2,12,29.15,9.85,,7.17,78.10%
19-Jan,Hohm Island 2,15,29.46,9.95,,6.7,73.30%
26-Jan,River/Outfall,River:,0.18,4.27,,13.44,107.00%
26-Jan,River/Outfall,0,10.41,6.58,,11.28,101.00%
26-Jan,River/Outfall,1,11.44,6.4,,11.19,100.40%
26-Jan,River/Outfall,2,23.02,8.01,,9.56,95.90%
26-Jan,River/Outfall,3,26.75,8.72,,8.68,90.70%
26-Jan,River/Outfall,4,28.19,8.12,,7.95,82.70%
26-Jan,River/Outfall,5,28.42,9.25,,7.62,81.50%
26-Jan,River/Outfall,6,28.74,9.35,,7.3,78.40%
26-Jan,River/Outfall,7,28.81,9.48,,7.11,76.70%
26-Jan,River/Outfall,8,29.1,9.68,,6.74,73.10%
26-Jan,River/Outfall,9,29.29,9.79,,6.33,69.00%
26-Jan,River/Outfall,10,29.58,10.06,,5.95,65.30%
26-Jan,Hohm Island 2,0,6.61,5.24,,11.64,98.60%
26-Jan,Hohm Island 2,1,12.47,6.48,,11.15,100.90%
26-Jan,Hohm Island 2,2,20.43,7.63,,10.17,99.40%
26-Jan,Hohm Island 2,3,26.89,8.72,,9.14,95.60%
26-Jan,Hohm Island 2,4,28.12,9.17,,8.67,92.40%
26-Jan,Hohm Island 2,5,28.64,9.3,,7.92,84.90%
26-Jan,Hohm Island 2,6,28.87,9.45,,9.48,102.20%
26-Jan,Hohm Island 2,7,28.97,9.57,,7.1,76.80%
26-Jan,Hohm Island 2,8,29.26,9.8,,6.65,72.40%
26-Jan,Hohm Island 2,9,29.45,9.89,,6.36,69.50%
26-Jan,Hohm Island 2,10,29.5,10.02,,5.73,62.80%
26-Jan,Hohm Island 2,12,29.83,10.18,,5.37,59.20%
26-Jan,Hohm Island 2,15,30.26,10.43,,4.97,55.30%
2-Feb,River/Outfall,River:,0.02,4.14,,12.63,100.10%
2-Feb,River/Outfall,0,4.59,5.2,,11.91,99.60%
2-Feb,River/Outfall,1,14.68,6.47,,11.07,101.50%
2-Feb,River/Outfall,2,21.82,7.47,,10.24,100.60%
2-Feb,River/Outfall,3,25.15,8.37,,9.69,99.40%
2-Feb,River/Outfall,4,28.12,8.92,,8.95,94.80%
2-Feb,River/Outfall,5,28.35,9.06,,8.55,91.00%
2-Feb,River/Outfall,6,28.45,9.14,,8.11,86.50%
2-Feb,River/Outfall,7,28.83,9.43,,7.59,81.70%
2-Feb,River/Outfall,8,29.12,9.58,,7.15,77.40%
2-Feb,River/Outfall,9,29.23,9.6,,6.83,74.00%
2-Feb,Polly's Point 2,0,2.62,4.14,,11.46,92.20%
2-Feb,Polly's Point 2,1,5.04,4.84,,12.2,101.30%
2-Feb,Polly's Point 2,2,12.38,6.06,,11.05,98.90%
2-Feb,Polly's Point 2,3,24.05,7.82,,9.8,98.50%
2-Feb,Polly's Point 2,4,25.74,8.33,,9.13,93.90%
2-Feb,Polly's Point 2,5,26.98,8.43,,8.49,88.20%
2-Feb,Polly's Point 2,6,28.17,8.84,,8.29,87.70%
2-Feb,Polly's Point 2,7,28.7,9.11,,8.11,86.60%
2-Feb,Polly's Point 2,8,28.77,9.19,,7.75,83.00%
2-Feb,Polly's Point 2,9,29.06,9.44,,7.41,79.90%
2-Feb,Polly's Point 2,10,29.19,9.62,,6.08,65.90%
2-Feb,Polly's Point 2,12,29.95,9.81,,5.68,62.20%
2-Feb,Polly's Point 2,15,29.86,10.11,,5.42,59.70%
2-Feb,Polly's Point 2,20,30.36,10.52,,3.02,33.70%
2-Feb,5km Center,0,3.88,4.6,,12.37,101.40%
2-Feb,5km Center,1,8.13,5.51,,11.9,102.40%
2-Feb,5km Center,2,8.54,5.52,,11.93,102.90%
2-Feb,5km Center,3,21.27,7.21,,10.48,101.90%
2-Feb,5km Center,4,25.77,8.29,,9.113,93.60%
2-Feb,5km Center,5,27.4,8.61,,8.68,90.80%
2-Feb,5km Center,6,28.62,8.92,,8.19,87.00%
2-Feb,5km Center,7,28.69,8.94,,8.07,85.80%
2-Feb,5km Center,8,28.91,9.09,,7.92,84.70%
2-Feb,5km Center,9,29.04,9.19,,7.71,82.70%
2-Feb,5km Center,10,29.24,9.32,,7.47,80.50%
2-Feb,5km Center,12,29.51,9.65,,7.2,78.30%
2-Feb,5km Center,15,29.83,10.05,,6.66,73.30%
2-Feb,5km Center,20,30.47,10.48,,5.9,65.80%
2-Feb,5km Center,25,30.86,10.55,,4.15,46.50%
2-Feb,5km Center,30,30.94,10.55,,3.94,44.20%
11-Feb,River/Outfall,River:,0.09,4.96,,12.57,101.80%
11-Feb,River/Outfall,0,5.27,6.22,,10.97,94.50%
11-Feb,River/Outfall,1,6.63,6.24,,11.22,97.50%
11-Feb,River/Outfall,2,22.37,8.08,,9.72,97.20%
11-Feb,River/Outfall,3,26.77,8.96,,8.68,91.20%
11-Feb,River/Outfall,4,28.77,9.53,,7.35,79.30%
11-Feb,River/Outfall,5,29.64,10.01,,6.57,72.10%
11-Feb,River/Outfall,6,29.83,10.17,,5.76,63.50%
11-Feb,River/Outfall,7,30.3,10.4,,4.59,51.10%
11-Feb,River/Outfall,8,30.47,10.52,,3.85,43.00%
11-Feb,River/Outfall,9,30.64,10.55,,2.94,32.90%
11-Feb,Hohm Island 2,0,4.85,6.19,,11.56,99.30%
11-Feb,Hohm Island 2,1,5.1,6.37,,11.65,100.70%
11-Feb,Hohm Island 2,2,14.21,7.32,,10.51,98.10%
11-Feb,Hohm Island 2,3,28.32,9.4,,7.6,81.50%
11-Feb,Hohm Island 2,4,29.28,9.77,,6.86,74.70%
11-Feb,Hohm Island 2,5,29.45,9.93,,5.91,64.70%
11-Feb,Hohm Island 2,6,29.97,10.22,,5.1,56.40%
11-Feb,Hohm Island 2,7,30.31,10.39,,4.71,52.40%
11-Feb,Hohm Island 2,8,30.58,10.54,,4.17,46.60%
11-Feb,Hohm Island 2,9,30.77,10.59,,3.46,38.80%
11-Feb,Hohm Island 2,10,30.85,10.58,,3.01,33.70%
11-Feb,Hohm Island 2,12,31.12,10.55,,2.67,30.00%
11-Feb,Hohm Island 2,15,31.4,10.5,,2.42,27.20%
11-Feb,Polly's Point 2,0,3.07,5.61,,11.67,97.80%
11-Feb,Polly's Point 2,1,4.92,5.99,,11.99,102.50%
11-Feb,Polly's Point 2,2,16.16,7.48,,9.52,90.30%
11-Feb,Polly's Point 2,3,28.64,9.5,,7.58,81.70%
11-Feb,Polly's Point 2,4,29.84,10.12,,6.92,76.20%
11-Feb,Polly's Point 2,5,30.25,10.41,,5.61,62.40%
11-Feb,Polly's Point 2,6,30.38,10.54,,4.61,51.50%
11-Feb,Polly's Point 2,7,30.51,10.57,,3.87,43.30%
11-Feb,Polly's Point 2,8,30.73,10.58,,3.27,36.60%
11-Feb,Polly's Point 2,9,30.85,10.56,,2.95,33.10%
11-Feb,Polly's Point 2,10,30.91,10.55,,2.52,28.20%
11-Feb,Polly's Point 2,12,30.97,10.51,,2.57,28.80%
11-Feb,Polly's Point 2,15,31.16,10.47,,2.62,29.40%
11-Feb,Polly's Point 2,20,31.28,10.37,,2.61,29.20%
11-Feb,5km Center,0,4.27,6.34,,11.89,102.20%
11-Feb,5km Center,1,9.02,6.62,,11.45,101.80%
11-Feb,5km Center,2,16.06,7.9,,10.58,101.30%
11-Feb,5km Center,3,28.11,9.22,,8.59,91.60%
11-Feb,5km Center,4,29.43,9.81,,7.24,79.00%
11-Feb,5km Center,5,29.73,10.04,,5.98,65.70%
11-Feb,5km Center,6,30.22,10.4,,5.08,56.50%
11-Feb,5km Center,7,30.38,10.51,,3.89,43.40%
11-Feb,5km Center,8,30.64,10.52,,3.37,37.70%
11-Feb,5km Center,9,30.81,10.49,,3.29,36.80%
11-Feb,5km Center,10,30.89,10.55,,3.28,36.80%
11-Feb,5km Center,12,30.91,10.43,,3.21,35.90%
11-Feb,5km Center,15,31.12,10.4,,3.26,36.50%
11-Feb,5km Center,20,31.28,10.33,,3.18,35.50%
11-Feb,5km Center,25,31.28,10.26,,3.04,33.90%
11-Feb,5km Center,30,31.43,10.17,,2.98,33.20%
11-Feb,5km Center,35,31.61,10.09,,3.08,34.30%
11-Feb,5km Center,40,32.41,10.09,,3.09,34.60%
16-Feb,River/Outfall,River:,0.02,4.92,,12.64,102.20%
16-Feb,River/Outfall,0,3.8,6.3,,11.78,100.80%
16-Feb,River/Outfall,1,8.52,6.76,,10.97,97.60%
16-Feb,River/Outfall,2,17.56,8.18,,8.75,85.10%
16-Feb,River/Outfall,3,25.79,9.11,,7.69,80.60%
16-Feb,River/Outfall,4,28.62,9.9,,7.07,76.90%
16-Feb,River/Outfall,5,30.12,10.38,,5.91,65.60%
16-Feb,River/Outfall,6,30.59,10.57,,4.37,48.90%
16-Feb,River/Outfall,7,30.78,10.59,,2.92,32.70%
16-Feb,River/Outfall,8,30.97,10.56,,2.38,26.70%
16-Feb,River/Outfall,9,31.01,10.55,,2.03,22.80%
16-Feb,River/Outfall,10,31.06,10.52,,1.88,21.10%
16-Feb,Hohm Island 2,0,5.58,5.88,,11.23,96.10%
16-Feb,Hohm Island 2,1,9.5,6.95,,10.93,98.30%
16-Feb,Hohm Island 2,2,21.24,8.55,,8.57,86.10%
16-Feb,Hohm Island 2,3,25.38,9.3,,7.7,80.80%
16-Feb,Hohm Island 2,4,27.95,9.77,,6.62,71.40%
16-Feb,Hohm Island 2,5,28.7,9.98,,5.91,64.40%
16-Feb,Hohm Island 2,6,30.07,10.4,,5.31,59.00%
16-Feb,Hohm Island 2,7,30.36,10.53,,4.57,51.00%
16-Feb,Hohm Island 2,8,30.74,10.63,,3.6,40.40%
16-Feb,Hohm Island 2,9,30.81,10.62,,3.02,33.90%
16-Feb,Hohm Island 2,10,31.01,10.56,,2.55,28.60%
16-Feb,Hohm Island 2,12,31.14,10.46,,2.18,24.40%
16-Feb,Hohm Island 2,15,31.3,10.33,,2.18,24.40%
16-Feb,Polly's Point 2,0,3.79,5.72,,12.15,102.50%
16-Feb,Polly's Point 2,1,6.42,6.32,,11.84,102.90%
16-Feb,Polly's Point 2,2,16.53,7.77,,9.75,93.30%
16-Feb,Polly's Point 2,3,27.65,9.62,,7.94,85.20%
16-Feb,Polly's Point 2,4,29.38,10.08,,6.38,70.00%
16-Feb,Polly's Point 2,5,29.91,10.32,,5.54,61.30%
16-Feb,Polly's Point 2,6,29.81,10.28,,4.83,53.40%
16-Feb,Polly's Point 2,7,30.59,10.62,,3.71,41.60%
16-Feb,Polly's Point 2,8,30.75,10.62,,2.97,33.30%
16-Feb,Polly's Point 2,9,30.86,10.6,,2.56,28.70%
16-Feb,Polly's Point 2,10,30.97,10.56,,2.57,28.80%
16-Feb,Polly's Point 2,12,31.14,10.44,,2.43,27.20%
16-Feb,Polly's Point 2,15,31.61,10.39,,2.27,25.50%
16-Feb,Polly's Point 2,20,31.97,10.24,,2.26,25.30%
2-Mar,River/Outfall,River:,0.03,4.44,,12.19,
2-Mar,River/Outfall,0,2.17,5.7,,12.29,
2-Mar,River/Outfall,1,3.04,5.63,,12.29,
2-Mar,River/Outfall,2,7.49,6.22,,11.73,
2-Mar,River/Outfall,3,13.87,7.28,,9.8,
2-Mar,River/Outfall,4,28.93,10.02,,7.32,
2-Mar,River/Outfall,5,30.73,10.49,,5.2,
2-Mar,River/Outfall,6,30.96,10.51,,4.18,
2-Mar,River/Outfall,7,31.13,10.55,,3.04,
2-Mar,River/Outfall,8,31.26,10.4,,2.72,
2-Mar,River/Outfall,9,31.45,10.32,,2.45,
2-Mar,River/Outfall,10,31.38,10.31,,2.2,
2-Mar,Hohm Island 2,0,3.78,5.69,,10.69,
2-Mar,Hohm Island 2,1,5.83,6.04,,11.11,
2-Mar,Hohm Island 2,2,7.04,6.19,,11.26,
2-Mar,Hohm Island 2,3,19.6,8.32,,10.03,
2-Mar,Hohm Island 2,4,30.26,10.38,,8.17,
2-Mar,Hohm Island 2,5,31.01,10.51,,6.97,
2-Mar,Hohm Island 2,6,31.25,10.46,,3.85,
2-Mar,Hohm Island 2,7,31.26,10.38,,2.9,
2-Mar,Hohm Island 2,8,31.4,10.31,,2.46,
2-Mar,Hohm Island 2,9,31.48,10.21,,2.15,
2-Mar,Hohm Island 2,10,31.47,10.18,,1.89,
2-Mar,Hohm Island 2,12,31.67,10.1,,1.83,
2-Mar,Hohm Island 2,15,31.92,9.95,,1.85,
2-Mar,Polly's Point 2,0,4.15,5.55,,11.26,
2-Mar,Polly's Point 2,1,5.95,5.92,,11.59,
2-Mar,Polly's Point 2,2,12.9,7.31,,10.88,
2-Mar,Polly's Point 2,3,21.85,8.5,,9.48,
2-Mar,Polly's Point 2,4,29.71,10.37,,7.79,
2-Mar,Polly's Point 2,5,30.41,10.48,,5.91,
2-Mar,Polly's Point 2,6,30.9,10.46,,4.39,
2-Mar,Polly's Point 2,7,30.91,10.46,,3.76,
2-Mar,Polly's Point 2,8,31.09,10.45,,3.26,
2-Mar,Polly's Point 2,9,31.17,10.41,,2.8,
2-Mar,Polly's Point 2,10,31.22,10.41,,2.66,
2-Mar,Polly's Point 2,12,31.36,10.31,,2.2,
2-Mar,Polly's Point 2,15,31.49,10.07,,2.28,
2-Mar,Polly's Point 2,20,31.93,9.92,,2.83,
2-Mar,Polly's Point 2,25,33.52,9.844,,3.01,
11-Mar,River/Outfall,River:,0.1,5.34,,12.56,102.80%
11-Mar,River/Outfall,0,4.85,7.65,,10.66,94.90%
11-Mar,River/Outfall,1,15.68,7.42,,10.15,95.80%
11-Mar,River/Outfall,2,20.52,8.84,,10.01,100.80%
11-Mar,River/Outfall,3,29.62,10.24,,9.47,104.50%
11-Mar,River/Outfall,4,30.76,10.39,,8.68,96.80%
11-Mar,River/Outfall,5,31.09,10.39,,8.33,93.10%
11-Mar,River/Outfall,6,31.36,10.4,,7.19,80.50%
11-Mar,River/Outfall,7,31.63,10.36,,5.5,61.70%
11-Mar,River/Outfall,8,31.66,10.33,,4.51,50.50%
11-Mar,River/Outfall,9,31.86,10.29,,3.39,38.00%
11-Mar,River/Outfall,10,31.97,10.19,,2.6,29.10%
11-Mar,Hohm Island 2,0,4.09,6.53,,11.4,98.30%
11-Mar,Hohm Island 2,1,4.86,6.46,,11.53,99.70%
11-Mar,Hohm Island 2,2,18.55,8.59,,11,108.70%
11-Mar,Hohm Island 2,3,30.3,10.25,,10.24,113.50%
11-Mar,Hohm Island 2,4,30.89,10.26,,9.11,101.40%
11-Mar,Hohm Island 2,5,31.13,10.31,,6.95,77.60%
11-Mar,Hohm Island 2,6,31.56,10.39,,5.46,61.20%
11-Mar,Hohm Island 2,7,31.66,10.35,,4.33,48.50%
11-Mar,Hohm Island 2,8,31.75,10.36,,3.57,40.10%
11-Mar,Hohm Island 2,9,31.83,10.32,,2.92,32.80%
11-Mar,Hohm Island 2,10,31.95,10.26,,2.51,28.10%
11-Mar,Hohm Island 2,12,32.01,10.14,,2.13,23.80%
11-Mar,Hohm Island 2,15,32.08,10,,1.99,22.20%
11-Mar,Polly's Point 2,0,4.22,6.05,,11.57,98.70%
11-Mar,Polly's Point 2,1,4.75,6.12,,11.87,101.70%
11-Mar,Polly's Point 2,2,13.82,7.67,,11.27,105.80%
11-Mar,Polly's Point 2,3,29.4,10,,10.99,120.40%
11-Mar,Polly's Point 2,4,31.12,10.14,,10.68,118.70%
11-Mar,Polly's Point 2,5,31.38,10.17,,7.41,82.60%
11-Mar,Polly's Point 2,6,31.48,10.18,,6.26,69.80%
11-Mar,Polly's Point 2,7,31.7,10.33,,4.66,52.20%
11-Mar,Polly's Point 2,8,31.88,10.25,,3.87,43.40%
11-Mar,Polly's Point 2,9,31.8,10.18,,3.05,34.10%
11-Mar,Polly's Point 2,10,31.87,10.21,,2.85,31.90%
11-Mar,Polly's Point 2,12,32.04,10.14,,2.59,29.00%
11-Mar,Polly's Point 2,15,31.98,10.04,,2.55,28.50%
11-Mar,Polly's Point 2,20,32.09,9.94,,2.57,28.60%
11-Mar,Polly's Point 2,25,32.31,9.86,,2.42,26.90%
11-Mar,5km Center,0,3.94,5.82,,11.16,94.50%
11-Mar,5km Center,1,5.09,5.99,,11.52,98.60%
11-Mar,5km Center,2,21.3,8.95,,10.71,108.60%
11-Mar,5km Center,3,29.95,10.03,,10.57,116.30%
11-Mar,5km Center,4,30.91,10.12,,9.86,109.40%
11-Mar,5km Center,5,31.23,10.18,,8.61,95.90%
11-Mar,5km Center,6,31.52,10.17,,7.23,80.70%
11-Mar,5km Center,7,31.7,10.17,,5.75,64.20%
11-Mar,5km Center,8,31.76,10.16,,4.45,49.70%
11-Mar,5km Center,9,31.81,10.12,,3.95,44.10%
11-Mar,5km Center,10,31.94,10.13,,3.62,40.50%
11-Mar,5km Center,12,32.02,10.11,,3.24,36.20%
11-Mar,5km Center,15,32.05,10.02,,3.04,33.90%
11-Mar,5km Center,20,32.2,9.93,,3.13,34.90%
11-Mar,5km Center,25,32.24,9.84,,3.2,35.60%
11-Mar,5km Center,30,32.37,9.72,,3.17,35.20%
11-Mar,5km Center,35,32.41,9.67,,3.18,35.30%
11-Mar,5km Center,40,32.41,9.62,,3.18,35.20%
11-Mar,5km Center,45,32.42,9.59,,3.05,33.80%
11-Mar,5km Center,50,32.42,9.54,,3,33.20%
18-Mar,River/Outfall,River:,0.04,6.09,,10.37,86.50%
18-Mar,River/Outfall,0,1.63,7.12,,9.73,84.00%
18-Mar,River/Outfall,1,5.24,7.57,,9.84,87.60%
18-Mar,River/Outfall,2,26.88,9.05,,8.59,90.50%
18-Mar,River/Outfall,3,28.82,9.15,,8.54,91.40%
18-Mar,River/Outfall,4,29.54,9.3,,7.58,81.80%
18-Mar,River/Outfall,5,29.88,9.44,,7.32,79.40%
18-Mar,River/Outfall,6,30.34,9.58,,7.11,77.60%
18-Mar,River/Outfall,7,30.86,9.82,,6.86,75.60%
18-Mar,River/Outfall,8,31.49,10.18,,6.45,72.00%
18-Mar,River/Outfall,9,31.6,10.22,,5.84,65.30%
18-Mar,River/Outfall,10,31.5,10.22,,4.84,54.00%
18-Mar,Hohm Island 2,0,1.56,6.68,,10.2,87.00%
18-Mar,Hohm Island 2,1,4.4,7.1,,10.27,90.00%
18-Mar,Hohm Island 2,2,22.59,8.88,,8.99,91.80%
18-Mar,Hohm Island 2,3,27.36,9.05,,8.67,91.70%
18-Mar,Hohm Island 2,4,29.1,9.18,,8.52,91.40%
18-Mar,Hohm Island 2,5,30.19,9.53,,7.85,85.50%
18-Mar,Hohm Island 2,6,30.37,9.39,,7.66,83.30%
18-Mar,Hohm Island 2,7,30.42,9.38,,7.38,80.20%
18-Mar,Hohm Island 2,8,30.66,9.62,,7.2,78.80%
18-Mar,Hohm Island 2,9,31.35,10.08,,6.73,74.80%
18-Mar,Hohm Island 2,10,31.48,10.16,,5.35,59.70%
18-Mar,Hohm Island 2,12,31.76,10.25,,4.1,45.90%
18-Mar,Hohm Island 2,15,31.95,10.16,,3.31,37.00%
18-Mar,Polly's Point 2,0,1.05,6.5,10.58,10.58,89.60%
18-Mar,Polly's Point 2,1,2.87,6.94,,10.93,94.60%
18-Mar,Polly's Point 2,2,17.69,8.34,,9.8,95.80%
18-Mar,Polly's Point 2,3,28.67,9.04,,8.83,94.10%
18-Mar,Polly's Point 2,4,29.31,9.34,,8.43,90.90%
18-Mar,Polly's Point 2,5,29.88,9.31,,7.88,85.20%
18-Mar,Polly's Point 2,6,30.17,9.27,,7.64,82.70%
18-Mar,Polly's Point 2,7,30.21,9.18,,7.59,82.00%
18-Mar,Polly's Point 2,8,30.41,9.19,,7.56,81.80%
18-Mar,Polly's Point 2,9,30.43,9.19,,7.1,76.90%
18-Mar,Polly's Point 2,10,30.9,9.48,,6.95,76.00%
18-Mar,Polly's Point 2,12,31.33,9.9,,6.1,67.50%
18-Mar,Polly's Point 2,15,31.66,10.08,,4.85,54.00%
18-Mar,Polly's Point 2,20,31.74,10.07,,3.28,36.60%
18-Mar,Polly's Point 2,25,31.85,10.15,,2.78,31.10%
18-Mar,Polly's Point 2,30,32.1,10.03,,2.42,27.00%
18-Mar,5km Center,0,1.35,6.66,,10.79,91.90%
18-Mar,5km Center,1,2.82,7.16,,9.72,84.50%
18-Mar,5km Center,2,16.61,8.63,,8.82,86.20%
18-Mar,5km Center,3,27.62,9.13,,9.05,96.00%
18-Mar,5km Center,4,29.99,9.04,,8.53,91.70%
18-Mar,5km Center,5,30.35,8.97,,7.94,85.50%
18-Mar,5km Center,6,30.7,9.06,,7.74,83.70%
18-Mar,5km Center,7,30.94,9.18,,7.43,80.70%
18-Mar,5km Center,8,31.03,9.19,,6.89,74.90%
18-Mar,5km Center,9,31.14,9.31,,6.63,72.30%
18-Mar,5km Center,10,31.25,9.4,,6.37,69.70%
18-Mar,5km Center,12,31.46,9.62,,5.37,59.10%
18-Mar,5km Center,15,31.7,9.99,,4.85,53.90%
18-Mar,5km Center,20,31.69,10.1,,3.27,36.50%
18-Mar,5km Center,25,32.01,10.15,,2.86,32.00%
18-Mar,5km Center,30,32.06,9.97,,2.12,23.60%
18-Mar,5km Center,35,32.14,9.89,,2.13,23.70%
18-Mar,5km Center,40,32.21,9.8,,2.03,22.60%
18-Mar,5km Center,45,32.16,9.68,,2.19,24.30%
22-Apr,River/Outfall,River:,,12.5,,13.4,129.80%
22-Apr,River/Outfall,0,,13.5,,12.9,127.60%
22-Apr,River/Outfall,1,,13.1,,12.7,124.60%
22-Apr,River/Outfall,2,,13.1,,11.9,116.70%
22-Apr,River/Outfall,3,,13.4,,11.7,115.50%
22-Apr,River/Outfall,4,,13.4,,11.9,117.50%
22-Apr,River/Outfall,5,,13.4,,12.4,122.40%
22-Apr,River/Outfall,6,,13.5,,9.26,91.60%
22-Apr,Hohm Island 2,0,,13.7,,12.6,125.20%
22-Apr,Hohm Island 2,1,,13.3,,12.6,124.10%
22-Apr,Hohm Island 2,2,,13.4,,11.9,117.50%
22-Apr,Hohm Island 2,3,,13.5,,12.2,120.70%
22-Apr,Hohm Island 2,4,,13.4,,11.6,114.50%
22-Apr,Hohm Island 2,5,,13.4,,10.2,100.70%
22-Apr,Hohm Island 2,6,,13.4,,8.1,80.00%
22-Apr,Hohm Island 2,7,,13.5,,6.69,66.20%
22-Apr,Polly's Point 2,0,,13.4,,13,128.40%
22-Apr,Polly's Point 2,1,,12.8,,13.3,129.60%
22-Apr,Polly's Point 2,2,,13.2,,13.9,136.70%
22-Apr,Polly's Point 2,3,,13.4,,13,128.40%
22-Apr,Polly's Point 2,4,,13.4,,12.5,123.40%
22-Apr,Polly's Point 2,5,,13.4,,12.4,122.40%
22-Apr,Polly's Point 2,6,,13.3,,10.8,106.40%
22-Apr,Polly's Point 2,7,,13.4,,7.79,76.90%
22-Apr,5km Center,0,,15.4,,12.7,130.70%
22-Apr,5km Center,1,,14.5,,12.6,127.30%
22-Apr,5km Center,2,,14.4,,13.7,138.20%
22-Apr,5km Center,3,,14,,13.9,139.00%
22-Apr,5km Center,4,,13.3,,13.8,136.00%
22-Apr,5km Center,5,,13.7,,13.7,136.10%
22-Apr,5km Center,6,,13.6,,11.6,115.00%
22-Apr,5km Center,7,,13.5,,9.93,98.30%
29-Apr,River/Outfall,River:,,13.1,,12.4,121.70%
29-Apr,River/Outfall,0,,13.2,,11.6,114.00%
29-Apr,River/Outfall,1,,13.8,,11.8,117.50%
29-Apr,River/Outfall,2,,13.7,,11.8,117.30%
29-Apr,River/Outfall,3,,13.7,,9.61,95.50%
29-Apr,River/Outfall,4,,13.6,,8.2,81.30%
29-Apr,River/Outfall,5,,13.5,,8.7,86.10%
29-Apr,River/Outfall,6,,13.4,,7.62,75.20%
29-Apr,River/Outfall,7,,13.4,,5.99,59.10%
29-Apr,Hohm Island 2,0,,14.1,,11.5,115.20%
29-Apr,Hohm Island 2,1,,14.2,,11.7,117.50%
29-Apr,Hohm Island 2,2,,14.2,,12,120.50%
29-Apr,Hohm Island 2,3,,14.1,,10.6,106.20%
29-Apr,Hohm Island 2,4,,13.9,,10.4,103.80%
29-Apr,Hohm Island 2,5,,13.7,,10.6,105.30%
29-Apr,Hohm Island 2,6,,13.6,,10,99.20%
29-Apr,Hohm Island 2,7,,13.5,,10,98.90%
29-Apr,Polly's Point 2,0,,13.4,,11.8,116.50%
29-Apr,Polly's Point 2,1,,13.6,,12.2,121.00%
29-Apr,Polly's Point 2,2,,13.9,,12.6,125.70%
29-Apr,Polly's Point 2,3,,13.8,,11.2,111.50%
29-Apr,Polly's Point 2,4,,13.7,,10.4,103.30%
29-Apr,Polly's Point 2,5,,13.6,,10.3,102.10%
29-Apr,Polly's Point 2,6,,13.6,,10,99.20%
29-Apr,Polly's Point 2,7,,13.5,,9.97,98.70%
29-Apr,5km Center,0,,14.6,,11.8,119.50%
29-Apr,5km Center,1,,14.6,,12,121.50%
29-Apr,5km Center,2,,14.6,,12.3,124.60%
29-Apr,5km Center,3,,14.5,,12.8,129.30%
29-Apr,5km Center,4,,14,,10.9,109.00%
29-Apr,5km Center,5,,13.8,,12,119.50%
29-Apr,5km Center,6,,13.7,,11.1,110.30%
29-Apr,5km Center,7,,13.5,,10.9,107.90%
3-Jun,Polly's Point 2,0,2.52,14.24,,9.52,97.00%
3-Jun,Polly's Point 2,1,2.59,14.29,,9.61,98.10%
3-Jun,Polly's Point 2,2,3.01,14.22,,9.6,98.10%
3-Jun,Polly's Point 2,3,22.95,11.82,,8.75,95.70%
3-Jun,Polly's Point 2,4,29.45,10.36,,8.85,97.80%
3-Jun,Polly's Point 2,5,30.46,9.88,,7.66,84.30%
3-Jun,Polly's Point 2,6,30.89,9.74,,6.13,67.40%
3-Jun,Polly's Point 2,7,31.01,9.7,,5.4,59.40%
3-Jun,Polly's Point 2,8,31.36,9.6,,4.78,52.60%
3-Jun,Polly's Point 2,9,31.47,9.2,,4.25,46.30%
3-Jun,Polly's Point 2,10,31.56,9.53,,3.88,42.70%
3-Jun,Polly's Point 2,12,31.7,9.49,,3.64,40.00%
3-Jun,Polly's Point 2,15,31.78,9.48,,2.57,28.30%
3-Jun,Polly's Point 2,20,32.01,9.39,,2.56,28.10%
3-Jun,Polly's Point 2,25,32.01,9.39,,2.56,28.10%
9-Jun,River/Outfall,River:,0.02,12.48,,10.48,101.50%
9-Jun,River/Outfall,0,0.5,13.23,,10.63,104.90%
9-Jun,River/Outfall,1,0.67,12.74,,11.03,107.80%
9-Jun,River/Outfall,2,2.05,12.37,,10.99,107.40%
9-Jun,River/Outfall,3,10.57,11.84,,10.56,107.10%
9-Jun,River/Outfall,4,27.47,11,,9.46,104.70%
9-Jun,River/Outfall,5,28.21,10.78,,8.99,99.50%
9-Jun,River/Outfall,6,29.01,10.48,,8.93,98.60%
9-Jun,River/Outfall,7,29.35,10.32,,8.69,95.90%
9-Jun,River/Outfall,8,29.71,10.14,,8.14,89.60%
9-Jun,River/Outfall,9,29.82,10.08,,7.63,84.00%
9-Jun,River/Outfall,10,30.07,9.95,,7.12,78.30%
9-Jun,River/Outfall,12,30.51,9.78,,6.63,72.80%
9-Jun,Hohm Island 2,0,0.42,12.77,,10.61,103.60%
9-Jun,Hohm Island 2,1,0.69,12.67,,10.63,103.70%
9-Jun,Hohm Island 2,2,0.91,12.86,,10.98,107.70%
9-Jun,Hohm Island 2,3,26.71,11.23,,9.68,107.10%
9-Jun,Hohm Island 2,4,28.57,10.68,,9.85,109.00%
9-Jun,Hohm Island 2,5,29.21,10.39,,9.77,107.90%
9-Jun,Hohm Island 2,6,29.45,10.26,,9.38,103.40%
9-Jun,Hohm Island 2,7,29.64,10.15,,8.99,99.00%
9-Jun,Hohm Island 2,8,29.83,10.09,,8.7,95.80%
9-Jun,Hohm Island 2,9,30.03,9.98,,7.7,84.70%
9-Jun,Hohm Island 2,10,30.65,9.72,,7.43,81.50%
9-Jun,Hohm Island 2,12,31.11,9.59,,6.83,75.00%
9-Jun,Polly's Point 2,0,0.64,13.64,,10.75,107.10%
9-Jun,Polly's Point 2,1,0.73,13.68,,10.74,107.10%
9-Jun,Polly's Point 2,2,0.9,13.43,,10.81,107.30%
9-Jun,Polly's Point 2,3,0.98,13.44,,10.82,107.50%
9-Jun,Polly's Point 2,4,15.18,12.48,,9.9,104.70%
9-Jun,Polly's Point 2,5,28.46,10.68,,9.57,105.80%
9-Jun,Polly's Point 2,6,29.29,10.33,,9.07,100.00%
9-Jun,Polly's Point 2,7,29.71,10.19,,8.57,94.50%
9-Jun,Polly's Point 2,8,29.83,10.11,,8.18,90.10%
9-Jun,Polly's Point 2,9,29.91,10.01,,7.9,86.90%
9-Jun,Polly's Point 2,10,30.39,9.82,,6.55,71.90%
9-Jun,Polly's Point 2,12,30.79,9.66,,4.87,53.40%
9-Jun,Polly's Point 2,15,31.11,9.56,,4.67,51.20%
9-Jun,Polly's Point 2,20,31.54,9.42,,3.84,42.10%
9-Jun,Polly's Point 2,25,31.8,9.29,,3.2,35.00%
17-Jun,River/Outfall,River:,0.06,14.21,,9.89,99.40%
17-Jun,River/Outfall,0,0.4,14.47,,9.81,99.30%
17-Jun,River/Outfall,1,0.72,14.33,,10.2,103.10%
17-Jun,River/Outfall,2,1.53,14.66,,10.15,103.80%
17-Jun,River/Outfall,3,5.91,14.03,,9.6,99.30%
17-Jun,River/Outfall,4,25.42,11.63,,8.83,97.80%
17-Jun,River/Outfall,5,29.11,10.64,,8.13,90.20%
17-Jun,River/Outfall,6,29.53,10.37,,7.65,84.60%
17-Jun,River/Outfall,7,29.98,10.08,,7.17,79.00%
17-Jun,River/Outfall,8,30.28,9.92,,6.62,72.80%
17-Jun,River/Outfall,9,30.28,9.89,,6.22,68.40%
17-Jun,River/Outfall,10,30.44,9.81,,5.89,64.70%
17-Jun,Hohm Island 2,0,0.9,14.24,,9.92,100.20%
17-Jun,Hohm Island 2,1,1.73,14.33,,10.09,102.60%
17-Jun,Hohm Island 2,2,1.85,14.44,,10.09,102.90%
17-Jun,Hohm Island 2,3,20.13,12.41,,8.81,95.90%
17-Jun,Hohm Island 2,4,26.75,11.18,,8.46,93.50%
17-Jun,Hohm Island 2,5,29.13,10.57,,8.18,90.60%
17-Jun,Hohm Island 2,6,29.3,10.48,,8.1,89.70%
17-Jun,Hohm Island 2,7,29.56,10.34,,8.01,88.50%
17-Jun,Hohm Island 2,8,29.64,10.29,,7.8,86.20%
17-Jun,Hohm Island 2,9,29.81,10.19,,7.48,82.50%
17-Jun,Hohm Island 2,10,29.96,10.1,,7.03,77.50%
17-Jun,Hohm Island 2,12,30.13,9.97,,6.84,75.20%
17-Jun,Hohm Island 2,15,30.58,9.77,,6.38,70.10%
17-Jun,Polly's Point 2,0,1.46,14.68,,9.42,96.30%
17-Jun,Polly's Point 2,1,1.61,14.58,,9.93,101.40%
17-Jun,Polly's Point 2,2,3.35,14.42,,9.92,102.00%
17-Jun,Polly's Point 2,3,24.56,11.91,,8.66,95.90%
17-Jun,Polly's Point 2,4,28.89,10.72,,8.52,94.60%
17-Jun,Polly's Point 2,5,29.41,10.41,,8.14,90.00%
17-Jun,Polly's Point 2,6,29.78,10.21,,7.9,87.20%
17-Jun,Polly's Point 2,7,29.97,10.12,,7.59,83.70%
17-Jun,Polly's Point 2,8,30.06,10.03,,7.21,79.40%
17-Jun,Polly's Point 2,9,30.24,9.9,,6.96,76.50%
17-Jun,Polly's Point 2,10,30.32,9.87,,6.5,71.40%
17-Jun,Polly's Point 2,12,30.55,9.79,,5.93,65.10%
17-Jun,Polly's Point 2,15,30.74,9.7,,5.35,58.70%
17-Jun,Polly's Point 2,20,31.22,9.51,,4.64,50.90%
17-Jun,Polly's Point 2,25,31.47,9.4,,3.38,37.00%
17-Jun,5km Center,0,1.01,14.96,,10.01,102.70%
17-Jun,5km Center,1,1.58,15.02,,10.14,104.50%
17-Jun,5km Center,2,12.08,13.52,,9.45,100.30%
17-Jun,5km Center,3,28.61,10.54,,8.78,97.50%
17-Jun,5km Center,4,29.32,10.47,,8.63,95.70%
17-Jun,5km Center,5,29.45,10.43,,8.5,94.20%
17-Jun,5km Center,6,29.53,10.45,,8.31,92.00%
17-Jun,5km Center,7,29.53,10.26,,8.22,91.10%
17-Jun,5km Center,8,29.64,10.2,,7.7,85.00%
17-Jun,5km Center,9,29.89,10.16,,7.52,83.00%
17-Jun,5km Center,10,29.95,10.01,,7.34,81.00%
17-Jun,5km Center,12,30.3,9.87,,7.33,80.80%
17-Jun,5km Center,15,30.42,9.52,,7.14,78.50%
17-Jun,5km Center,20,31.14,9.52,,5.68,62.30%
22-Jun,River/Outfall,River:,0.02,15,,10.31,105.30%
22-Jun,River/Outfall,0,0.21,15.38,,9.72,100.10%
22-Jun,River/Outfall,1,0.2,15.36,,9.94,102.40%
22-Jun,River/Outfall,2,0.22,15.35,,10.12,104.20%
22-Jun,River/Outfall,3,0.6,15.06,,10.21,104.70%
22-Jun,River/Outfall,4,12.7,14.01,,8.86,95.40%
22-Jun,River/Outfall,5,27.86,11.34,,7.64,85.40%
22-Jun,River/Outfall,6,29.76,10.42,,7.05,78.20%
22-Jun,River/Outfall,7,30.11,10.18,,6.73,74.40%
22-Jun,River/Outfall,8,30.26,10.04,,6.1,67.30%
22-Jun,River/Outfall,9,30.55,9.89,,5.39,59.40%
22-Jun,River/Outfall,10,30.7,9.79,,4.6,50.60%
22-Jun,Hohm Island 2,0,0.43,15.88,,10.17,106.00%
22-Jun,Hohm Island 2,1,0.44,15.86,,10.19,106.20%
22-Jun,Hohm Island 2,2,0.43,15.83,,10.2,106.20%
22-Jun,Hohm Island 2,3,0.44,15.84,,10.2,106.20%
22-Jun,Hohm Island 2,4,0.44,15.84,,10.2,106.20%
22-Jun,Hohm Island 2,5,28.74,10.94,,7.94,88.50%
22-Jun,Hohm Island 2,6,29.72,10.41,,7.61,84.30%
22-Jun,Hohm Island 2,7,29.83,10.32,,6.97,77.10%
22-Jun,Hohm Island 2,8,30.17,10.07,,6.51,71.80%
22-Jun,Hohm Island 2,9,30.5,9.88,,6.06,66.70%
22-Jun,Hohm Island 2,10,30.61,9.82,,5.47,60.20%
22-Jun,Hohm Island 2,12,30.87,9.73,,4.98,54.80%
22-Jun,Hohm Island 2,15,31.09,9.58,,4.26,46.70%
22-Jun,Polly's Point 2,0,0.83,16.12,,9.76,102.40%
22-Jun,Polly's Point 2,1,0.82,16.12,,9.98,104.70%
22-Jun,Polly's Point 2,2,0.78,16.12,,9.97,104.60%
22-Jun,Polly's Point 2,3,0.78,16.11,,9.98,104.70%
22-Jun,Polly's Point 2,4,1.41,16.04,,9.82,103.20%
22-Jun,Polly's Point 2,5,29.61,10.54,,7.8,86.60%
22-Jun,Polly's Point 2,6,30.05,10.18,,7.55,83.40%
22-Jun,Polly's Point 2,7,30.15,10.05,,6.91,76.20%
22-Jun,Polly's Point 2,8,30.43,9.93,,5.79,63.80%
22-Jun,Polly's Point 2,9,30.61,9.84,,5.21,57.30%
22-Jun,Polly's Point 2,10,30.76,9.77,,4.23,46.50%
22-Jun,Polly's Point 2,12,30.83,9.74,,4.18,46.00%
22-Jun,Polly's Point 2,15,31.29,9.51,,4.06,44.50%
22-Jun,Polly's Point 2,20,31.47,9.39,,2.64,28.90%
22-Jun,5km Center,0,1.7,16.21,,9.66,102.10%
22-Jun,5km Center,1,1.7,16.22,,9.74,102.90%
22-Jun,5km Center,2,1.7,16.18,,9.89,104.40%
22-Jun,5km Center,3,1.88,16.16,,9.88,104.30%
22-Jun,5km Center,4,2.82,11.02,,9.75,103.60%
22-Jun,5km Center,5,28.21,10.27,,7.65,85.10%
22-Jun,5km Center,6,29.93,9.97,,6.8,75.20%
22-Jun,5km Center,7,30.42,9.84,,6.24,68.80%
22-Jun,5km Center,8,30.6,9.65,,5.6,61.60%
22-Jun,5km Center,9,30.98,9.61,,5.4,59.30%
22-Jun,5km Center,10,31.04,9.49,,5.15,56.50%
22-Jun,5km Center,12,31.28,9.41,,5.02,55.00%
22-Jun,5km Center,15,31.53,9.35,,4.44,48.70%
22-Jun,5km Center,20,31.63,9.35,,3.39,37.10%
22-Jun,5km Center,25,31.68,9.29,,2.62,28.70%
22-Jun,5km Center,30,31.9,9.25,,2.37,25.90%
22-Jun,5km Center,35,31.94,9.18,,2.56,28.00%
29-Jun,River/Outfall,River:,0.04,15.08,,10.15,1.038309602
29-Jun,River/Outfall,0,0.6,15.96,,9.72,1.015507066
29-Jun,River/Outfall,1,0.78,16.22,,9.81,1.031336786
29-Jun,River/Outfall,2,1.88,16.53,,9.71,1.033558928
29-Jun,River/Outfall,3,10.73,17.01,,9.04,1.022493677
29-Jun,River/Outfall,4,17.36,15.34,,8.55,0.973393691
29-Jun,River/Outfall,5,24.33,13.43,,7.98,0.912248813
29-Jun,River/Outfall,6,29.89,10.77,,7.12,0.796384965
29-Jun,River/Outfall,7,30.78,10.11,,6.44,0.713840476
29-Jun,River/Outfall,8,30.96,9.94,,5.54,0.612428872
29-Jun,River/Outfall,9,31.19,9.74,,4.51,0.497041263
29-Jun,River/Outfall,10,31.3,9.64,,3.92,0.43133948
29-Jun,Hohm Island 2,0,2.61,16.18,,9.53,1.011465689
29-Jun,Hohm Island 2,1,2.56,16.18,,9.5,1.007996309
29-Jun,Hohm Island 2,2,3.66,16.26,,9.39,1.00418095
29-Jun,Hohm Island 2,3,11.31,16.12,,8.68,0.967806781
29-Jun,Hohm Island 2,4,14.42,15.81,,8.47,0.956199933
29-Jun,Hohm Island 2,5,24.54,12.67,,7.52,0.846889399
29-Jun,Hohm Island 2,6,29.83,10.6,,7.16,0.797463319
29-Jun,Hohm Island 2,7,30.77,10.07,,6.39,0.707600909
29-Jun,Hohm Island 2,8,30.92,9.92,,5.42,0.598725901
29-Jun,Hohm Island 2,9,31.16,9.79,,4.46,0.491999511
29-Jun,Hohm Island 2,10,31.25,9.68,,3.56,0.391957418
29-Jun,Hohm Island 2,12,31.44,9.53,,2.92,0.320788186
29-Jun,Hohm Island 2,15,31.55,9.42,,2.52,0.276342546
29-Jun,Polly's Point 2,0,1.69,16.26,,9.56,1.011017775
29-Jun,Polly's Point 2,1,1.85,16.28,,9.54,1.010218518
29-Jun,Polly's Point 2,2,7.33,16.89,,8.96,0.99104188
29-Jun,Polly's Point 2,3,10.49,17.26,,8.75,0.993176454
29-Jun,Polly's Point 2,4,17.64,15.1,,8.73,0.99071579
29-Jun,Polly's Point 2,5,26.23,12.33,,8.03,0.907579586
29-Jun,Polly's Point 2,6,29.74,10.75,,7.76,0.866707556
29-Jun,Polly's Point 2,7,29.96,10.66,,7.07,0.789197333
29-Jun,Polly's Point 2,8,30.52,10.26,,5.81,0.645093651
29-Jun,Polly's Point 2,9,31.01,9.85,,4.82,0.531910642
29-Jun,Polly's Point 2,10,31.17,9.74,,2.89,0.318460141
29-Jun,Polly's Point 2,12,31.44,9.52,,2.37,0.260305246
29-Jun,Polly's Point 2,15,31.52,9.39,,2.25,0.246511883
29-Jun,Polly's Point 2,20,31.75,9.29,,1.97,0.215667402
29-Jun,5km Center,0,3.7,17.35,,9.65,1.054831845
29-Jun,5km Center,1,3.18,17.34,,9.53,1.038433857
29-Jun,5km Center,2,4.58,17.38,,9.31,1.02339742
29-Jun,5km Center,3,11.97,17.17,,8.85,1.011617952
29-Jun,5km Center,4,18.73,15.3,,8.39,0.962541626
29-Jun,5km Center,5,25.89,12.39,,8.06,0.910140591
29-Jun,5km Center,6,29.46,10.85,,8.07,0.901679385
29-Jun,5km Center,7,30.15,10.41,,7.46,0.829072456
29-Jun,5km Center,8,30.49,10.17,,7.03,0.778789781
29-Jun,5km Center,9,30.91,9.84,,6.11,0.673658476
29-Jun,5km Center,10,31.12,9.7,,5.64,0.62070863
29-Jun,5km Center,12,31.32,9.52,,5.15,0.565183341
29-Jun,5km Center,15,31.5,9.4,,3.87,0.424041887
29-Jun,5km Center,20,31.58,9.31,,3.55,0.388373246
29-Jun,5km Center,25,31.8,9.19,,2.8,0.305919689
29-Jun,5km Center,30,31.88,9.11,,2.77,0.302238821
6-Jul,River/Outfall,River:,0.1,16.58,,9.63,101.60%
6-Jul,River/Outfall,0,1.67,16.96,,9.26,99.30%
6-Jul,River/Outfall,1,1.78,16.94,,9.22,98.90%
6-Jul,River/Outfall,2,2.64,16.83,,9.19,98.80%
6-Jul,River/Outfall,3,5.46,16.76,,8.97,97.90%
6-Jul,River/Outfall,4,26.36,12.9,,6.92,79.30%
6-Jul,River/Outfall,5,29.74,10.84,,6.17,69.10%
6-Jul,River/Outfall,6,30.23,10.48,,5.47,60.90%
6-Jul,River/Outfall,7,30.36,10.35,,5.16,57.30%
6-Jul,River/Outfall,8,30.42,10.28,,4.87,54.10%
6-Jul,River/Outfall,9,30.55,10.21,,4.78,53.00%
6-Jul,River/Outfall,10,30.8,10.06,,4.52,50.10%
6-Jul,Hohm Island 2,0,1.09,16.58,,9.49,100.70%
6-Jul,Hohm Island 2,1,1.22,16.61,,9.42,100.10%
6-Jul,Hohm Island 2,2,1.37,16.83,,9.47,101.10%
6-Jul,Hohm Island 2,3,2.1,16.78,,9.23,98.90%
6-Jul,Hohm Island 2,4,17.13,14.86,,8.11,91.30%
6-Jul,Hohm Island 2,5,28.71,11.43,,6.77,76.30%
6-Jul,Hohm Island 2,6,30.07,10.51,,6.13,68.20%
6-Jul,Hohm Island 2,7,30.25,10.4,,5.89,65.50%
6-Jul,Hohm Island 2,8,30.47,10.29,,5.78,64.20%
6-Jul,Hohm Island 2,9,30.67,10.13,,5.85,64.80%
6-Jul,Hohm Island 2,10,30.79,9.98,,5.54,61.20%
6-Jul,Hohm Island 2,12,30.92,9.86,,5.24,57.80%
6-Jul,Hohm Island 2,15,31.05,9.71,,5.2,57.20%
6-Jul,Polly's Point 2,0,1.86,17.5,,9.26,100.50%
6-Jul,Polly's Point 2,1,1.84,17.52,,9.39,101.90%
6-Jul,Polly's Point 2,2,2.27,17.74,,9.31,101.70%
6-Jul,Polly's Point 2,3,6.89,16.66,,9.1,99.90%
6-Jul,Polly's Point 2,4,24.39,13.25,,7.74,88.20%
6-Jul,Polly's Point 2,5,28.76,11.39,,7.05,79.40%
6-Jul,Polly's Point 2,6,30.04,10.59,,6.32,70.50%
6-Jul,Polly's Point 2,7,30.35,10.37,,6.04,67.20%
6-Jul,Polly's Point 2,8,30.46,10.28,,5.74,63.70%
6-Jul,Polly's Point 2,9,30.55,10.2,,5.48,60.80%
6-Jul,Polly's Point 2,10,30.67,10.1,,6.33,70.10%
6-Jul,Polly's Point 2,12,30.82,9.95,,5.85,64.60%
6-Jul,Polly's Point 2,15,31.06,9.81,,5.18,57.10%
6-Jul,Polly's Point 2,20,31.28,9.47,,2.06,22.60%
6-Jul,5km Center,0,2.05,17.5,,9.51,103.30%
6-Jul,5km Center,1,2.1,17.51,,9.47,102.90%
6-Jul,5km Center,2,4.26,17.2,,9.3,101.70%
6-Jul,5km Center,3,12.71,15.69,,8.79,98.00%
6-Jul,5km Center,4,23.37,13.42,,7.92,90.00%
6-Jul,5km Center,5,27.64,11.82,,7.53,84.90%
6-Jul,5km Center,6,29.53,10.98,,7.18,80.50%
6-Jul,5km Center,7,30.11,10.58,,6.93,77.30%
6-Jul,5km Center,8,30.26,10.53,,7.04,78.50%
6-Jul,5km Center,9,30.36,10.47,,7.14,79.60%
6-Jul,5km Center,10,30.47,10.44,,7.28,81.10%
6-Jul,5km Center,12,30.75,10.08,,7.43,82.30%
6-Jul,5km Center,15,30.98,9.97,,7.03,77.80%
6-Jul,5km Center,20,31.18,9.59,,5.87,64.50%
6-Jul,5km Center,25,31.47,9.46,,3.56,39.10%
6-Jul,5km Center,30,31.67,9.32,,2.8,30.70%
6-Jul,5km Center,35,31.74,9.19,,2.3,25.10%
6-Jul,5km Center,40,31.88,9.1,,2.07,22.60%
6-Jul,5km Center,45,31.81,9.03,,2.28,24.80%
6-Jul,5km Center,50,31.98,8.96,,2.44,26.50%
15-Jul,River/Outfall,River:,0.04,18.77,,9.46,104.10%
15-Jul,River/Outfall,0,0.3,19.38,,9.25,103.10%
15-Jul,River/Outfall,1,0.74,20.24,,9.02,102.50%
15-Jul,River/Outfall,2,2.47,19.99,,8.85,101.10%
15-Jul,River/Outfall,3,2.8,19.46,,8.8,99.70%
15-Jul,River/Outfall,4,4.74,19.34,,8.62,98.50%
15-Jul,River/Outfall,5,28.2,11.86,,6.78,76.80%
15-Jul,River/Outfall,6,30.18,10.89,,6.18,69.40%
15-Jul,River/Outfall,7,30.49,10.51,,5.79,64.60%
15-Jul,River/Outfall,8,30.8,10.14,,5.5,61.00%
15-Jul,River/Outfall,9,30.96,10,,4.98,55.10%
15-Jul,River/Outfall,10,30.98,9.94,,4.5,49.80%
15-Jul,Hohm Island 2,0,1.3,19.82,,9.32,105.40%
15-Jul,Hohm Island 2,1,1.58,19.84,,9.17,103.90%
15-Jul,Hohm Island 2,2,2.71,19.96,,8.98,102.60%
15-Jul,Hohm Island 2,3,3.43,19.87,,8.92,102.20%
15-Jul,Hohm Island 2,4,4.5,19.72,,8.85,101.70%
15-Jul,Hohm Island 2,5,21.71,14.46,,7.77,89.30%
15-Jul,Hohm Island 2,6,30.22,10.79,,6.86,76.90%
15-Jul,Hohm Island 2,7,30.54,10.48,,6.57,73.30%
15-Jul,Hohm Island 2,8,30.65,10.34,,6.44,71.70%
15-Jul,Hohm Island 2,9,30.79,10.14,,6.17,68.40%
15-Jul,Hohm Island 2,10,31,9.95,,5.85,64.70%
15-Jul,Hohm Island 2,12,31.06,9.82,,5.49,60.60%
15-Jul,Hohm Island 2,15,31.16,9.7,,5.17,56.90%
15-Jul,Polly's Point 2,0,1.7,19.76,,9.1,103.00%
15-Jul,Polly's Point 2,1,1.64,19.85,,9.07,102.80%
15-Jul,Polly's Point 2,2,2.48,19.83,,8.91,101.40%
15-Jul,Polly's Point 2,3,4.96,19.62,,8.84,101.70%
15-Jul,Polly's Point 2,4,7.44,18.99,,8.82,101.70%
15-Jul,Polly's Point 2,5,22.35,13.85,,8,91.10%
15-Jul,Polly's Point 2,6,28.97,11.71,,7.29,82.80%
15-Jul,Polly's Point 2,7,30.49,10.5,,6.8,75.90%
15-Jul,Polly's Point 2,8,30.65,10.29,,6.41,71.30%
15-Jul,Polly's Point 2,9,30.69,10.31,,6.13,68.20%
15-Jul,Polly's Point 2,10,30.76,10.17,,5.78,64.10%
15-Jul,Polly's Point 2,12,30.91,10,,5.3,58.70%
15-Jul,Polly's Point 2,15,31.03,9.85,,4.68,51.70%
15-Jul,Polly's Point 2,20,31.09,9.73,,4.16,45.80%
15-Jul,Polly's Point 2,25,31.5,9.45,,4.3,47.20%
15-Jul,5km Center,0,2.02,19.59,,9.13,103.20%
15-Jul,5km Center,1,2.03,19.6,,9.09,102.80%
15-Jul,5km Center,2,2.32,19.63,,9.01,102.10%
15-Jul,5km Center,3,4.39,19.4,,8.91,101.70%
15-Jul,5km Center,4,7.26,19.08,,8.8,101.50%
15-Jul,5km Center,5,16.12,17.01,,8.12,94.90%
15-Jul,5km Center,6,29.81,11.23,,7.51,84.80%
15-Jul,5km Center,7,30.14,10.88,,7.54,84.70%
15-Jul,5km Center,8,30.42,10.66,,7.51,84.10%
15-Jul,5km Center,9,30.51,10.55,,7.42,82.90%
15-Jul,5km Center,10,30.72,10.37,,7.27,81.00%
15-Jul,5km Center,12,30.79,10.17,,6.71,74.50%
15-Jul,5km Center,15,31.05,9.94,,5.94,65.70%
15-Jul,5km Center,20,31.17,9.73,,4.81,53.00%
15-Jul,5km Center,25,31.38,9.52,,3.85,42.30%
15-Jul,5km Center,30,31.65,9.34,,3.12,34.20%
15-Jul,5km Center,35,31.71,9.16,,2.23,24.30%
15-Jul,5km Center,40,31.84,9.1,,2.17,23.70%
22-Jul,River/Outfall,River:,0.03,18.28,,9.03,98.50%
22-Jul,River/Outfall,0,0.22,19.25,,8.96,99.60%
22-Jul,River/Outfall,1,0.23,19.27,,8.7,96.80%
22-Jul,River/Outfall,2,0.67,19.91,,8.49,95.80%
22-Jul,River/Outfall,3,2.18,20.32,,8.53,97.80%
22-Jul,River/Outfall,4,3.21,20.54,,8.61,99.70%
22-Jul,River/Outfall,5,9.82,18.87,,8.46,98.70%
22-Jul,River/Outfall,6,30.53,10.73,,6.41,71.90%
22-Jul,River/Outfall,7,30.78,10.26,,6.25,69.50%
22-Jul,River/Outfall,8,30.98,10.01,,5.42,60.00%
22-Jul,River/Outfall,9,31.04,9.97,,4.73,52.40%
22-Jul,River/Outfall,10,31.16,9.78,,3.83,42.20%
22-Jul,Hohm Island 2,0,1.36,20.17,,9.04,102.90%
22-Jul,Hohm Island 2,1,1.93,20.43,,8.91,102.30%
22-Jul,Hohm Island 2,2,2.5,20.41,,8.86,102.00%
22-Jul,Hohm Island 2,3,2.78,20.46,,8.96,103.40%
22-Jul,Hohm Island 2,4,2.93,20.45,,8.93,103.10%
22-Jul,Hohm Island 2,5,14.3,17.37,,8.41,97.90%
22-Jul,Hohm Island 2,6,29.54,11.88,,7.89,90.30%
22-Jul,Hohm Island 2,7,30.45,10.78,,7.11,79.80%
22-Jul,Hohm Island 2,8,30.78,10.28,,7.16,79.70%
22-Jul,Hohm Island 2,9,30.89,10.11,,5.65,62.70%
22-Jul,Hohm Island 2,10,31.06,9.92,,4.81,53.20%
22-Jul,Hohm Island 2,12,31.21,9.72,,4.03,44.40%
22-Jul,Hohm Island 2,15,31.33,9.56,,2.84,31.20%
22-Jul,Polly's Point 2,0,3.14,20.48,,8.91,103.10%
22-Jul,Polly's Point 2,1,3.16,20.52,,8.9,103.00%
22-Jul,Polly's Point 2,2,3.15,20.53,,8.91,103.20%
22-Jul,Polly's Point 2,3,3.22,20.54,,8.91,103.20%
22-Jul,Polly's Point 2,4,8.46,19.77,,8.7,102.40%
22-Jul,Polly's Point 2,5,27.72,13.34,,7.5,87.50%
22-Jul,Polly's Point 2,6,29.83,11.63,,7.33,83.50%
22-Jul,Polly's Point 2,7,30.76,10.38,,6.71,74.80%
22-Jul,Polly's Point 2,8,30.85,10.15,,5.76,63.90%
22-Jul,Polly's Point 2,9,31.02,9.92,,4.49,49.60%
22-Jul,Polly's Point 2,10,31.1,9.82,,4.1,45.20%
22-Jul,Polly's Point 2,12,31.31,9.62,,3.51,38.60%
22-Jul,Polly's Point 2,15,31.4,9.48,,2.25,24.70%
22-Jul,Polly's Point 2,20,31.58,9.33,,1.73,18.90%
22-Jul,Polly's Point 2,25,31.7,9.22,,1.5,16.40%
22-Jul,5km Center,0,3.63,20.49,,9.07,105.20%
22-Jul,5km Center,1,3.63,20.49,,9,104.40%
22-Jul,5km Center,2,3.68,20.48,,8.99,104.30%
22-Jul,5km Center,3,4.87,20.32,,8.95,104.20%
22-Jul,5km Center,4,7.66,19.74,,9.02,105.60%
22-Jul,5km Center,5,15.21,17.37,,8.34,97.60%
22-Jul,5km Center,6,29.72,11.55,,7.32,83.20%
22-Jul,5km Center,7,30.51,10.68,,7.24,81.20%
22-Jul,5km Center,8,30.95,10.05,,5.8,64.30%
22-Jul,5km Center,9,30.99,9.98,,4.57,50.60%
22-Jul,5km Center,10,31.15,9.78,,4.2,46.30%
22-Jul,5km Center,12,31.32,9.61,,3.56,39.20%
22-Jul,5km Center,15,31.4,9.49,,3.21,35.20%
22-Jul,5km Center,20,31.59,9.31,,2.86,31.30%
22-Jul,5km Center,25,31.7,9.19,,2.14,23.40%
22-Jul,5km Center,30,31.86,9.08,,2.02,22.00%
22-Jul,5km Center,35,31.91,9.01,,2.17,23.60%
22-Jul,5km Center,40,32.01,8.96,,2.18,23.70%
27-Jul,River/Outfall,River:,0.09,21.32,,8.54,0.986101021
27-Jul,River/Outfall,0,0.64,21.45,,8.43,0.978712413
27-Jul,River/Outfall,1,2.32,21.77,,8.09,0.953678986
27-Jul,River/Outfall,2,3.75,22.16,,7.93,0.949084908
27-Jul,River/Outfall,3,7.69,21.82,,7.87,0.957650265
27-Jul,River/Outfall,4,29.36,12.17,,6.34,0.728979647
27-Jul,River/Outfall,5,30.77,10.75,,6.05,0.680406751
27-Jul,River/Outfall,6,30.94,10.42,,5.52,0.616877476
27-Jul,River/Outfall,7,31.17,10.05,,5.19,0.576006086
27-Jul,River/Outfall,8,31.26,9.9,,4.39,0.485836174
27-Jul,River/Outfall,9,31.4,9.61,,3.33,0.366411343
27-Jul,Hohm Island 2,0,3.21,22.22,,8.39,1.002137865
27-Jul,Hohm Island 2,1,3.36,22.23,,8.38,1.001976846
27-Jul,Hohm Island 2,2,3.46,22.21,,8.37,1.000991132
27-Jul,Hohm Island 2,3,9.1,21.2,,8.01,0.971748894
27-Jul,Hohm Island 2,4,28.16,13.07,,6.95,0.80839386
27-Jul,Hohm Island 2,5,30.91,10.46,,6.76,0.755986502
27-Jul,Hohm Island 2,6,31.14,10.02,,6.19,0.686377615
27-Jul,Hohm Island 2,7,31.25,9.8,,5.21,0.575217211
27-Jul,Hohm Island 2,8,31.35,9.73,,3.85,0.424664315
27-Jul,Hohm Island 2,9,31.35,9.69,,2.96,0.326193061
27-Jul,Hohm Island 2,10,31.44,9.58,,2.07,0.227672307
27-Jul,Hohm Island 2,12,31.49,9.5,,1.86,0.204264318
27-Jul,Hohm Island 2,15,31.62,9.38,,1.7,0.186336134
27-Jul,Polly's Point 2,0,4.83,22.39,,8.24,0.996393556
27-Jul,Polly's Point 2,1,4.89,22.43,,8.3,1.00471278
27-Jul,Polly's Point 2,2,4.87,22.43,,8.29,1.003387186
27-Jul,Polly's Point 2,3,6.26,22.38,,8.24,1.004450591
27-Jul,Polly's Point 2,4,23.39,15.25,,6.73,0.79436899
27-Jul,Polly's Point 2,5,30.6,11.14,,6.56,0.743414486
27-Jul,Polly's Point 2,6,30.89,10.53,,6.99,0.782847143
27-Jul,Polly's Point 2,7,31.2,9.95,,5.83,0.645680822
27-Jul,Polly's Point 2,8,31.36,9.64,,4.97,0.54709872
27-Jul,Polly's Point 2,9,31.46,9.54,,3.66,0.402231693
27-Jul,Polly's Point 2,10,31.49,9.51,,2.16,0.237265341
27-Jul,Polly's Point 2,12,31.58,9.42,,2.11,0.231429061
27-Jul,Polly's Point 2,15,31.71,9.32,,2.07,0.226712382
27-Jul,Polly's Point 2,20,31.85,9.17,,1.48,0.161679478
27-Jul,5km Center,0,5.3,21.73,,8.66,1.037610613
27-Jul,5km Center,1,5.67,22.23,,8.51,1.031062157
27-Jul,5km Center,2,7.39,22.07,,8.33,1.016428039
27-Jul,5km Center,3,9.24,21.12,,8.21,0.995374617
27-Jul,5km Center,4,24.55,14.71,,6.96,0.818508937
27-Jul,5km Center,5,30.47,11.77,,6.73,0.77276759
27-Jul,5km Center,6,31.07,9.97,,6.26,0.69301452
27-Jul,5km Center,7,31.34,9.66,,5.23,0.5759086
27-Jul,5km Center,8,31.46,9.56,,4.52,0.49697598
27-Jul,5km Center,9,31.46,9.52,,4,0.439393204
27-Jul,5km Center,10,31.57,9.45,,3.67,0.402787094
27-Jul,5km Center,12,31.59,9.36,,3.28,0.359278432
27-Jul,5km Center,15,31.66,9.26,,3.04,0.332370411
27-Jul,5km Center,20,31.81,9.16,,2.8,0.305725441
27-Jul,5km Center,25,31.95,9.07,,2.33,0.254111815
27-Jul,5km Center,30,31.97,9,,2.21,0.24066086
27-Jul,5km Center,35,32.02,8.93,,2.19,0.238170997
27-Jul,5km Center,40,32.08,8.88,,2.09,0.227120322
27-Jul,5km Center,45,32.03,8.82,,2.13,0.231060916
27-Jul,5km Center,50,32.11,8.8,,2.35,0.254944429
3-Aug,River/Outfall,River:,0.03,18.83,,9.36,1.031349036
3-Aug,River/Outfall,0,0.38,19.27,,8.91,0.991957054
3-Aug,River/Outfall,1,0.36,19.21,,8.89,0.988494576
3-Aug,River/Outfall,2,0.83,20.04,,8.8,0.996513329
3-Aug,River/Outfall,3,1.36,20.72,,8.64,0.993773388
3-Aug,River/Outfall,4,3.24,22.83,,8.43,1.018112449
3-Aug,River/Outfall,5,12.01,21.2,,7.53,0.929412521
3-Aug,River/Outfall,6,20.53,16.37,,6.22,0.737505275
3-Aug,River/Outfall,7,28.11,12.87,,6.06,0.701613574
3-Aug,River/Outfall,8,30.51,11.02,,5.29,0.597517941
3-Aug,River/Outfall,9,30.82,10.56,,4.86,0.544411139
3-Aug,Hohm Island 2,0,1.67,21.1,,8.9,1.032652641
3-Aug,Hohm Island 2,1,1.73,21.2,,8.77,1.019777197
3-Aug,Hohm Island 2,2,3.13,22.09,,8.49,1.011256778
3-Aug,Hohm Island 2,3,3.2,22.14,,8.55,1.019724771
3-Aug,Hohm Island 2,4,4.21,22.37,,8.473,1.020573771
3-Aug,Hohm Island 2,5,10.84,22.44,,7.81,0.978975697
3-Aug,Hohm Island 2,6,18.23,17.79,,7.23,0.869076532
3-Aug,Hohm Island 2,7,29.18,12.31,,6.25,0.719969674
3-Aug,Hohm Island 2,8,29.47,11.94,,6.22,0.712102785
3-Aug,Hohm Island 2,9,30.53,11.07,,6.13,0.693268764
3-Aug,Hohm Island 2,10,30.71,10.76,,5.81,0.65329907
3-Aug,Hohm Island 2,12,31.18,10,,4.94,0.547667653
3-Aug,Polly's Point 2,0,3.21,22.18,,8.68,1.036032442
3-Aug,Polly's Point 2,1,3.21,22.19,,8.52,1.017117709
3-Aug,Polly's Point 2,2,3.31,22.25,,8.5,1.016400756
3-Aug,Polly's Point 2,3,3.71,22.39,,8.43,1.012864586
3-Aug,Polly's Point 2,4,7.37,22.64,,8.15,1.004548054
3-Aug,Polly's Point 2,5,8.71,22.44,,8.07,0.998931887
3-Aug,Polly's Point 2,6,18.19,18.53,,6.93,0.844823938
3-Aug,Polly's Point 2,7,28.71,12.78,,6.5,0.754088868
3-Aug,Polly's Point 2,8,30.08,12.07,,6.33,0.729741606
3-Aug,Polly's Point 2,9,31.1,11.21,,5.85,0.666234064
3-Aug,Polly's Point 2,10,30.82,10.49,,5.75,0.643084507
3-Aug,Polly's Point 2,12,31.05,10.12,,5.37,0.596457759
3-Aug,Polly's Point 2,15,31.3,9.82,,4.99,0.551368558
3-Aug,Polly's Point 2,20,31.53,9.49,,3.2,0.351435896
3-Aug,5km Center,0,6.16,21.9,,8.73,1.054430578
3-Aug,5km Center,1,6.03,21.94,,8.58,1.036283129
3-Aug,5km Center,2,6.03,21.95,,8.41,1.015933929
3-Aug,5km Center,3,6.18,21.98,,8.29,1.002848091
3-Aug,5km Center,4,7.1,22.1,,8.2,0.999419095
3-Aug,5km Center,5,10.59,21.48,,7.89,0.970590229
3-Aug,5km Center,6,18.46,16.97,,7.01,0.830346108
3-Aug,5km Center,7,26.1,14.4,,6.93,0.817935861
3-Aug,5km Center,8,28.78,12.35,,7.06,0.811823952
3-Aug,5km Center,9,29.48,11.91,,6.89,0.788340246
3-Aug,5km Center,10,30.28,11.12,,6.71,0.758439854
3-Aug,5km Center,12,31.01,10.19,,6.37,0.708474162
3-Aug,5km Center,15,31,10.1,,5.86,0.650365279
